<?xml version="1.0" encoding="UTF-8"?>
<project-private xmlns="http://www.netbeans.org/ns/project-private/1">
    <editor-bookmarks xmlns="http://www.netbeans.org/ns/editor-bookmarks/2" lastBookmarkId="0"/>
    <open-files xmlns="http://www.netbeans.org/ns/projectui-open-files/2">
        <group>
            <file>file:/Users/devxone/Sites/myfinalproject/index.php</file>
            <file>file:/Users/devxone/Sites/myfinalproject/newlogin.php</file>
            <file>file:/Users/devxone/Sites/myfinalproject/category.php</file>
            <file>file:/Users/devxone/Sites/myfinalproject/admin/login.php</file>
            <file>file:/Users/devxone/Sites/myfinalproject/admin/index.php</file>
        </group>
    </open-files>
</project-private>
